RestName,ItemName,PortionName,Section,ItmRate
"TQ Sunrise","Tortilla Soup Veg",Std,-,0
"TQ Sunrise","Tortilla Soup Chicken",Std,-,0
"TQ Sunrise","Roasted Bell Pepper Tomato Soup",Std,-,0
"TQ Sunrise","Mushroom Cappuccino",Std,-,0
"TQ Sunrise","Broccoli Halloumi Cheese Soup",Std,-,0
"TQ Sunrise","Mexicano Soup Veg",Std,-,0
"TQ Sunrise","Mexicano Soup Chicken",Std,-,0
"TQ Sunrise","Mexicano Soup Prawn",Std,-,0
"TQ Sunrise","Tomato Basil Soup",Std,-,0
"TQ Sunrise","Caesar Salad Veg",Std,-,0
"TQ Sunrise","Caesar Salad Chicken",Std,-,0
"TQ Sunrise","Greek Salad",Std,-,0
"TQ Sunrise","Mexican Nachos Salad",Std,-,0
"TQ Sunrise","Roast Chicken Salad",Std,-,0
"TQ Sunrise","Pasta Salad Veg",Std,-,0
"TQ Sunrise","Pasta Salad Chicken",Std,-,0
"TQ Sunrise","Seafood Salad",Std,-,0
"TQ Sunrise","Nachos with Salsa",Std,-,0
"TQ Sunrise","Classic Nachos Veg",Std,-,0
"TQ Sunrise","Classic Nachos Chicken",Std,-,0
"TQ Sunrise","Mexican Skin Veg",Std,-,0
"TQ Sunrise","Mexican Skin Chicken",Std,-,0
"TQ Sunrise","Tacos Veg",Std,-,0
"TQ Sunrise","Tacos Chicken",Std,-,0
"TQ Sunrise","Tacos Prawns",Std,-,0
"TQ Sunrise","Grilled Paneer  Peri Peri",Std,-,0
"TQ Sunrise","Grilled Chicken Peri Peri",Std,-,0
"TQ Sunrise","Baked Mushroom",Std,-,0
"TQ Sunrise","Corn Spinach Snow Ball",Std,-,0
"TQ Sunrise","Jalapeno Poppers",Std,-,0
"TQ Sunrise","Garlic Bread with Cheese",Std,-,0
"TQ Sunrise","French Fries",Std,-,0
"TQ Sunrise","Loaded Fries ",Std,-,0
"TQ Sunrise","Tequila Sunrise Bruschetta Veg",Std,-,0
"TQ Sunrise","Tequila Sunrise Bruschetta Chicken",Std,-,0
"TQ Sunrise","Spicy Cajun Chicken",Std,-,0
"TQ Sunrise","Rosemary Chicken with Grilled Potato",Std,-,0
"TQ Sunrise","Thyme Chicken",Std,-,0
"TQ Sunrise","Chicken Garlic Nuggets",Std,-,0
"TQ Sunrise","Chicken Jalapeno",Std,-,0
"TQ Sunrise","Fish Jalapeno (Rawas)",Std,-,0
"TQ Sunrise","Chicken Paprika",Std,-,0
"TQ Sunrise","Chicken Fingers ",Std,-,0
"TQ Sunrise","Fish Fingers Basa",Std,-,0
"TQ Sunrise","Lamb Ball in BBQ Sauce",Std,-,0
"TQ Sunrise","Fish Lemon Caper Sauce (Rawas)",Std,-,0
"TQ Sunrise","King Prawns Lemon Caper Sauce",Std,-,0
"TQ Sunrise","Fish Tempura Basa",Std,-,0
"TQ Sunrise","King Prawns Tempura",Std,-,0
"TQ Sunrise","Fish n Chips (Basa)",Std,-,0
"TQ Sunrise","Baked Vegetable",Std,-,0
"TQ Sunrise","Paneer Steak",Std,-,0
"TQ Sunrise","Grilled Chicken Breast",Std,-,0
"TQ Sunrise","Stuff Chicken Breast",Std,-,0
"TQ Sunrise","Chicken Steak with Red Wine Sauce",Std,-,0
"TQ Sunrise","Grilled Herb Fish (Rawas)",Std,-,0
"TQ Sunrise","Grilled Herb King Prawns",Std,-,0
"TQ Sunrise","Fish Peri Peri (Rawas)",Std,-,0
"TQ Sunrise","King Prawns Peri Peri",Std,-,0
"TQ Sunrise","Chimichangas Veg",Std,-,0
"TQ Sunrise","Chimichangas Chicken",Std,-,0
"TQ Sunrise","Chimichangas Lamb",Std,-,0
"TQ Sunrise","Burritos Veg",Std,-,0
"TQ Sunrise","Burritos Chicken",Std,-,0
"TQ Sunrise","Mexican Rice Veg",Std,-,0
"TQ Sunrise","Mexican Rice Chicken",Std,-,0
"TQ Sunrise","Baked Enchilada Veg",Std,-,0
"TQ Sunrise","Baked Enchilada Chicken",Std,-,0
"TQ Sunrise","Quesadilla Veg",Std,-,0
"TQ Sunrise","Quesadilla Chicken",Std,-,0
"TQ Sunrise","Margarita Pizza","Small 8""",-,0
"TQ Sunrise","Garden Fresh Pizza","Small 8""",-,0
"TQ Sunrise","Garden Fresh Pizza","Medium 10""",-,0
"TQ Sunrise","Garden Fresh Pizza","Large 12""",-,0
"TQ Sunrise","Paneer Tikka Pizza","Small 8""",-,0
"TQ Sunrise","Chicken Tikka Pizza","Small 8""",-,0
"TQ Sunrise","Pesto Pizza Veg","Small 8""",-,0
"TQ Sunrise","Pesto Pizza Chicken","Small 8""",-,0
"TQ Sunrise","BBQ Chicken Pizza","Small 8""",-,0
"TQ Sunrise","Mexicano Chicken Pizza","Small 8""",-,0
"TQ Sunrise","Spicy Italian Pizza Chicken","Small 8""",-,0
"TQ Sunrise","Seafood Pizza","Small 8""",-,0
"TQ Sunrise","Three Cheese Pizza Veg","Small 8""",-,0
"TQ Sunrise","Three Cheese Pizza Chicken","Small 8""",-,0
"TQ Sunrise","One Pot Macaroni Mushroom Sauce",Std,-,0
"TQ Sunrise","Penne Arrabiata Veg",Std,-,0
"TQ Sunrise","Penne Arrabiata Chicken",Std,-,0
"TQ Sunrise","Creamy Herb Penne Veg",Std,-,0
"TQ Sunrise","Creamy Herb Penne Chicken",Std,-,0
"TQ Sunrise","Macaroni Pesto Veg",Std,-,0
"TQ Sunrise","Macaroni Pesto Chicken",Std,-,0
"TQ Sunrise","Spaghetti Carbonara",Std,-,0
"TQ Sunrise","Spaghetti Aglio Olio Veg",Std,-,0
"TQ Sunrise","Spaghetti Aglio Olio Chicken",Std,-,0
"TQ Sunrise","Lasagne Veg",Std,-,0
"TQ Sunrise","Lasagne Chicken",Std,-,0
"TQ Sunrise","Mac & Cheese",Std,-,0
"TQ Sunrise","Butter Chicken Pasta",Std,-,0
"TQ Sunrise","Spaghetti Bolognese",Std,-,0
"TQ Sunrise","Sicilian Pasta Veg",Std,-,0
"TQ Sunrise","Sicilian Pasta Chicken",Std,-,0
"TQ Sunrise","Veg Sizzler",Std,-,0
"TQ Sunrise","Fajitas Veg",Std,-,0
"TQ Sunrise","Fajitas Chicken",Std,-,0
"TQ Sunrise","Paneer Shaslik Sizzler",Std,-,0
"TQ Sunrise","Chicken Pepper Steak Sizzler",Std,-,0
"TQ Sunrise","Two Meat Sizzler",Std,-,0
"TQ Sunrise","Sea Food Sizzler",Std,-,0
"TQ Sunrise","Custom Veg Sizzler (Veg Patty-Exotic Vegetables)",Std,-,0
"TQ Sunrise","Custom Veg Sizzler (Paneer-Steak-Shashlik-Patty)",Std,-,0
"TQ Sunrise","Custom Non-Veg Sizzler (Chicken Breast-Shashlik-Leg)",Std,-,0
"TQ Sunrise","Custom Mutton Sizzler",Std,-,0
"TQ Sunrise","Corn And Vegetable Dhania Ka Shorba",Std,-,0
"TQ Sunrise","Dal-E-Veg Shorba",Std,-,0
"TQ Sunrise","Murg Yakhni Shorba",Std,-,0
"TQ Sunrise","Mutton Yakhni Shorba",Std,-,0
"TQ Sunrise","Chicken Zafrani Shorba",Std,-,0
"TQ Sunrise","Vegetable Sikkimpuri Tikki",Std,-,0
"TQ Sunrise","Cheesy Paneer  Tikki",Std,-,0
"TQ Sunrise","Paneer  Papadi",Std,-,0
"TQ Sunrise","Magazee Chicken",Std,-,0
"TQ Sunrise","Masaledar Murg",Std,-,0
"TQ Sunrise","Chicken Pahadi Twist",Std,-,0
"TQ Sunrise","Vegetable Makhmali  Kabab",Std,-,0
"TQ Sunrise","Paneer Tikka  Lahori",Std,-,0
"TQ Sunrise","Burnt Garlic Paneer Tikka",Std,-,0
"TQ Sunrise","Burnt Garlic Chicken Tikka",Std,-,0
"TQ Sunrise","Paneer Hill Top",Std,-,0
"TQ Sunrise","Chicken Hill Top",Std,-,0
"TQ Sunrise","Paneer Kachha Nimbu Ka Kabab",Std,-,0
"TQ Sunrise","Chicken Kachha Nimbu Ka Kabab",Std,-,0
"TQ Sunrise","Murg Jalwa",Std,-,0
"TQ Sunrise","Murg Santacruz Express",Std,-,0
"TQ Sunrise","Murg Bamboo Kabab",Std,-,0
"TQ Sunrise","Murg Rozali Kabab",Std,-,0
"TQ Sunrise","Bhatti Ka Murg",Std,-,0
"TQ Sunrise","Chilly Milly Chicken Kabab",Std,-,0
"TQ Sunrise","Dum Ka Murg",Std,-,0
"TQ Sunrise","Karela Chicken Kabab",Std,-,0
"TQ Sunrise","Tehzeeb Kabab",Std,-,0
"TQ Sunrise","Gumnam Kabab",Std,-,0
"TQ Sunrise","Mutton Galouti Kabab",Std,-,0
"TQ Sunrise","Mutton Sheekh Kabab",Std,-,0
"TQ Sunrise","Agri Tandoori Half ",Std,-,0
"TQ Sunrise","Agri Tandoori Full ",Std,-,0
"TQ Sunrise","Hyderabadi Tandoori Half ",Std,-,0
"TQ Sunrise","Hyderabadi Tandoori Full",Std,-,0
"TQ Sunrise","Tandoori Chicken Half",Std,-,0
"TQ Sunrise","Tandoori Chicken Full",Std,-,0
"TQ Sunrise","Veg Begum Bahar",Std,-,0
"TQ Sunrise","Tikhe Swad Ki Sabzi",Std,-,0
"TQ Sunrise","Vegetable Lajawab",Std,-,0
"TQ Sunrise","Stuff Tomato",Std,-,0
"TQ Sunrise","Stuff Simla-Mirch",Std,-,0
"TQ Sunrise","Bhindi Tomato Rassewala",Std,-,0
"TQ Sunrise","Multani Mushroom",Std,-,0
"TQ Sunrise","Paneer Lazeez",Std,-,0
"TQ Sunrise","Paneer Pasanda",Std,-,0
"TQ Sunrise","Bhatti Ka Paneer Masala",Std,-,0
"TQ Sunrise","Dal Tadka",Std,-,0
"TQ Sunrise","Dal Kolhapuri",Std,-,0
"TQ Sunrise","Toofani Paneer",Std,-,0
"TQ Sunrise","Toofani Chicken",Std,-,0
"TQ Sunrise","Butter Chicken",Std,-,0
"TQ Sunrise","Chicken Lababdar",Std,-,0
"TQ Sunrise","Chicken Tangdi Masala",Std,-,0
"TQ Sunrise","Chicken Rassewala",Std,-,0
"TQ Sunrise","Lemon Chicken",Std,-,0
"TQ Sunrise","Chicken Zafrani",Std,-,0
"TQ Sunrise","Mutton Zafrani",Std,-,0
"TQ Sunrise","Chicken Baghdadi",Std,-,0
"TQ Sunrise","Mutton Baghdadi",Std,-,0
"TQ Sunrise","Chicken Ball Hyderabadi",Std,-,0
"TQ Sunrise","Mutton Ball Hyderabadi",Std,-,0
"TQ Sunrise","Pahadi Chicken Curry",Std,-,0
"TQ Sunrise","Mutton Lasooni Masala",Std,-,0
"TQ Sunrise","Mutton Dahiwala",Std,-,0
"TQ Sunrise","Mutton Roganjosh",Std,-,0
"TQ Sunrise","Nalli Nihari",Std,-,0
"TQ Sunrise","Murg Mussallam Half",Std,-,0
"TQ Sunrise","Murg Mussallam Full",Std,-,0
"TQ Sunrise","Mallipuram Chicken",Std,-,0
"TQ Sunrise","Mallipuram Mutton",Std,-,0
"TQ Sunrise","Cyloni Curry Chicken",Std,-,0
"TQ Sunrise","Chettinad Chicken",Std,-,0
"TQ Sunrise","Chettinad Mutton",Std,-,0
"TQ Sunrise","Gassi Chicken",Std,-,0
"TQ Sunrise","Gassi Mutton",Std,-,0
"TQ Sunrise","Pulimunchi Chicken",Std,-,0
"TQ Sunrise","Pulimunchi Mutton",Std,-,0
"TQ Sunrise","Sukka Chicken",Std,-,0
"TQ Sunrise","Sukka Mutton",Std,-,0
"TQ Sunrise","Ghee Roast Chicken",Std,-,0
"TQ Sunrise","Ghee Roast Mutton",Std,-,0
"TQ Sunrise","Mangalorean Curry Chicken",Std,-,0
"TQ Sunrise","Mangalorean Curry Mutton",Std,-,0
"TQ Sunrise","Goan Curry Chicken",Std,-,0
"TQ Sunrise","Malvani Curry Chicken",Std,-,0
"TQ Sunrise","Malvani Curry Mutton",Std,-,0
"TQ Sunrise","Malbari Curry Chicken",Std,-,0
"TQ Sunrise","Agri Curry Chicken",Std,-,0
"TQ Sunrise","Agri Curry Mutton",Std,-,0
"TQ Sunrise",Roti,Std,-,0
"TQ Sunrise",Paratha,Std,-,0
"TQ Sunrise",Naan,Std,-,0
"TQ Sunrise",Kulcha,Std,-,0
"TQ Sunrise","Butter Roti",Std,-,0
"TQ Sunrise","Butter Paratha",Std,-,0
"TQ Sunrise","Butter Naan",Std,-,0
"TQ Sunrise","Butter Kulcha",Std,-,0
"TQ Sunrise","Missi Roti",Std,-,0
"TQ Sunrise","Khasta Roti",Std,-,0
"TQ Sunrise","Lachedar Paratha",Std,-,0
"TQ Sunrise","Garlic Naan",Std,-,0
"TQ Sunrise","Stuff Naan",Std,-,0
"TQ Sunrise","Cheese Naan",Std,-,0
"TQ Sunrise","Cheese Garlic Naan",Std,-,0
"TQ Sunrise","Cheese Stuff Naan",Std,-,0
"TQ Sunrise","Roti Ki Tokri",Std,-,0
"TQ Sunrise","Roomali Roti",Std,-,0
"TQ Sunrise","Butter Roomali",Std,-,0
"TQ Sunrise","Butter Crispy Masala Roomali",Std,-,0
"TQ Sunrise","Mexicano Crispy Roomali",Std,-,0
"TQ Sunrise","Kheema Paratha Chicken",Std,-,0
"TQ Sunrise","Kheema Paratha Mutton",Std,-,0
"TQ Sunrise","Neer Dosa",Std,-,0
"TQ Sunrise","Chicken Hyderabadi Biryani",Std,-,0
"TQ Sunrise","Mutton Hyderabadi Biryani",Std,-,0
"TQ Sunrise","Prawns Hyderabadi Biryani",Std,-,0
"TQ Sunrise","Chicken Dum Biryani",Std,-,0
"TQ Sunrise","Mutton Dum Biryani",Std,-,0
"TQ Sunrise","Prawns Dum Biryani",Std,-,0
"TQ Sunrise","Chicken Tikka Biryani",Std,-,0
"TQ Sunrise","Chicken Pyaaz Ka Pulao",Std,-,0
"TQ Sunrise","Mutton Pyaaz Ka Pulao",Std,-,0
"TQ Sunrise","Prawns Pyaaz Ka Pulao",Std,-,0
"TQ Sunrise","Veg Hyderabadi Biryani",Std,-,0
"TQ Sunrise","Paneer Hyderabadi Biryani",Std,-,0
"TQ Sunrise","Kerala Style Veg Biryani",Std,-,0
"TQ Sunrise","Kerala Style Chicken Biryani",Std,-,0
"TQ Sunrise","Kerala Style Mutton Biryani",Std,-,0
"TQ Sunrise","Kerala Style Prawns Biryani",Std,-,0
"TQ Sunrise","Tequila Sunrise Veg Biryani",Std,-,0
"TQ Sunrise","Tequila Sunrise Chicken Biryani",Std,-,0
"TQ Sunrise","Tequila Sunrise Mutton Biryani",Std,-,0
"TQ Sunrise","Tequila Sunrise Prawns Biryani",Std,-,0
"TQ Sunrise","Jeera Rice",Std,-,0
"TQ Sunrise","Steam Rice",Std,-,0
"TQ Sunrise","Lemon Coriander Veg Soup ",Std,-,0
"TQ Sunrise","Lemon Coriander Chicken Soup ",Std,-,0
"TQ Sunrise","Beijing Veg Soup",Std,-,0
"TQ Sunrise","Beijing Chicken Soup",Std,-,0
"TQ Sunrise","Beijing Prawns Soup",Std,-,0
"TQ Sunrise","Chicken Corn Egg Drop Soup",Std,-,0
"TQ Sunrise","Chicken Spinach Soup",Std,-,0
"TQ Sunrise","Tom Yum Veg Soup",Std,-,0
"TQ Sunrise","Tom Yum Chicken Soup",Std,-,0
"TQ Sunrise","Tom Yum Prawns Soup",Std,-,0
"TQ Sunrise","Thai Cream Chicken Soup ",Std,-,0
"TQ Sunrise","Thai Cream Prawn Soup ",Std,-,0
"TQ Sunrise","Cheese Chilly Stuffed Mushroom",Std,-,0
"TQ Sunrise","Paneer Sotoyam ",Std,-,0
"TQ Sunrise","Chicken Sotoyam ",Std,-,0
"TQ Sunrise","Indonesian Style veg",Std,-,0
"TQ Sunrise","Indonesian Style Paneer",Std,-,0
"TQ Sunrise","Indonesian Style Chicken",Std,-,0
"TQ Sunrise","Lemon Grass Chilly Chicken",Std,-,0
"TQ Sunrise","Lemon Grass Chilly Fish (Rawas)",Std,-,0
"TQ Sunrise","Lemon Grass Chilly Prawns",Std,-,0
"TQ Sunrise","Balineese Chicken",Std,-,0
"TQ Sunrise","Fresh Turmeric Roasted Chicken",Std,-,0
"TQ Sunrise","Fresh Turmeric Roasted Fish (Rawas)",Std,-,0
"TQ Sunrise","Chicken Ulam Lumpia",Std,-,0
"TQ Sunrise","Pan Fried Chicken",Std,-,0
"TQ Sunrise","Sriracha Chicken",Std,-,0
"TQ Sunrise","Chicken In Chinese Parsley",Std,-,0
"TQ Sunrise","Apple Chicken",Std,-,0
"TQ Sunrise","Burnt Garlic Veg Fried  Rice",Std,-,0
"TQ Sunrise","Burnt Garlic Chicken Fried Rice",Std,-,0
"TQ Sunrise","Singapore Veg Rice",Std,-,0
"TQ Sunrise","Singapore Chicken Rice",Std,-,0
"TQ Sunrise","Bamboo Veg Rice",Std,-,0
"TQ Sunrise","Bamboo Chicken Rice",Std,-,0
"TQ Sunrise","Chicken Basket Rice",Std,-,0
"TQ Sunrise","Mongolian Veg Hot Pot Rice",Std,-,0
"TQ Sunrise","Mongolian Chicken Hot Pot Rice",Std,-,0
"TQ Sunrise","Yang Chow Rice Chicken",Std,-,0
"TQ Sunrise","Ginger Smoked Veg Rice",Std,-,0
"TQ Sunrise","Ginger Smoked Chicken Rice",Std,-,0
"TQ Sunrise","Chinese Veg Pot Rice",Std,-,0
"TQ Sunrise","Chinese Chicken Pot Rice",Std,-,0
"TQ Sunrise","Mee Goreng Chicken",Std,-,0
"TQ Sunrise","Mee Goreng Prawns",Std,-,0
"TQ Sunrise","Nasi Goreng Chicken Rice",Std,-,0
"TQ Sunrise","Nasi Goreng Prawns Rice",Std,-,0
"TQ Sunrise","Tom Yum Veg Noodles",Std,-,0
"TQ Sunrise","Tom Yum Chicken Noodles",Std,-,0
"TQ Sunrise","Cashew Nut Veg Sauce ",Std,-,0
"TQ Sunrise","Cashew Nut Chicken Sauce ",Std,-,0
"TQ Sunrise","Hot Garlic Veg Sauce",Std,-,0
"TQ Sunrise","Hot Garlic Chicken Sauce",Std,-,0
"TQ Sunrise","Blackbean Chicken Sauce",Std,-,0
"TQ Sunrise","Blackbean Fish (Basa) Sauce",Std,-,0
"TQ Sunrise","Blackbean Prawns Sauce",Std,-,0
"TQ Sunrise","Oyster Chicken Sauce",Std,-,0
"TQ Sunrise","Oyster Prawns Sauce",Std,-,0
"TQ Sunrise","Oyster Fish (Basa) Sauce",Std,-,0
"TQ Sunrise","Buffalo Wings",Std,-,0
"TQ Sunrise","Hot Pepper Chicken Wings",Std,-,0
"TQ Sunrise","Oven Roast Sriracha Chicken Wings",Std,-,0
"TQ Sunrise","Chicken Wings (Choice Of Your Sauce)",Std,-,0
"TQ Sunrise","Wings Chatpata",Std,-,0
"TQ Sunrise","Masala Tandoori Chicken Wings",Std,-,0
"TQ Sunrise","Sizzling Brownie",Std,-,0
"TQ Sunrise","Caramel Custard",Std,-,0
"TQ Sunrise",Mousse,Std,-,0
"TQ Sunrise","Banana Flambe",Std,-,0
"TQ Sunrise","Gulab Jamun",Std,-,0
"TQ Sunrise",Gadbad,Std,-,0
"TQ Sunrise","Ice Cream",Std,-,0
"TQ Sunrise","Gulab Jamun With Ice Cream",Std,-,0
"TQ Sunrise","Glen Fiddich (12 Years)","30 ml",-,0
"TQ Sunrise","Glen Fiddich (12 Years)","60 ml",-,0
"TQ Sunrise","Jack Daniel","30 ml",-,0
"TQ Sunrise","Jack Daniel","60 ml",-,0
"TQ Sunrise","Black Label","30 ml",-,0
"TQ Sunrise","Black Label","60 ml",-,0
"TQ Sunrise","Chivas Regal (12 Years)","30 ml",-,0
"TQ Sunrise","Chivas Regal (12 Years)","60 ml",-,0
"TQ Sunrise","Red Label","30 ml",-,0
"TQ Sunrise","Red Label","60 ml",-,0
"TQ Sunrise",BallantineS,"30 ml",-,0
"TQ Sunrise",BallantineS,"60 ml",-,0
"TQ Sunrise","Amrut Fusion","30 ml",-,0
"TQ Sunrise","Amrut Fusion","60 ml",-,0
"TQ Sunrise","Paul John","30 ml",-,0
"TQ Sunrise","Paul John","60 ml",-,0
"TQ Sunrise","Black Dog Triple Gold","30 ml",-,0
"TQ Sunrise","Black Dog Triple Gold","60 ml",-,0
"TQ Sunrise","Black Dog Triple Gold","90 ml",-,0
"TQ Sunrise","Black Dog Triple Gold","180 ml",-,0
"TQ Sunrise","Black Dog Triple Gold","750 ml",-,0
"TQ Sunrise","Black & White","30 ml",-,0
"TQ Sunrise","Black & White","60 ml",-,0
"TQ Sunrise","Black & White","90 ml",-,0
"TQ Sunrise","Black & White","180 ml",-,0
"TQ Sunrise","Black & White","750 ml",-,0
"TQ Sunrise","100 Pipers","30 ml",-,0
"TQ Sunrise","100 Pipers","60 ml",-,0
"TQ Sunrise","100 Pipers","90 ml",-,0
"TQ Sunrise","100 Pipers","180 ml",-,0
"TQ Sunrise","100 Pipers","750 ml",-,0
"TQ Sunrise","Jim Beam","30 ml",-,0
"TQ Sunrise","Jim Beam","60 ml",-,0
"TQ Sunrise","Jim Beam","90 ml",-,0
"TQ Sunrise","Jim Beam","180 ml",-,0
"TQ Sunrise","Jim Beam","750 ml",-,0
"TQ Sunrise","Teachers 50 ","30 ml",-,0
"TQ Sunrise","Teachers 50 ","60 ml",-,0
"TQ Sunrise","Teachers 50 ","90 ml",-,0
"TQ Sunrise","Teachers 50 ","180 ml",-,0
"TQ Sunrise","Teachers 50 ","750 ml",-,0
"TQ Sunrise","Teachers (Highland Cream)","30 ml",-,0
"TQ Sunrise","Teachers (Highland Cream)","60 ml",-,0
"TQ Sunrise","Teachers (Highland Cream)","90 ml",-,0
"TQ Sunrise","Teachers (Highland Cream)","180 ml",-,0
"TQ Sunrise","Teachers (Highland Cream)","750 ml",-,0
"TQ Sunrise","Vat 69","30 ml",-,0
"TQ Sunrise","Vat 69","60 ml",-,0
"TQ Sunrise","Vat 69","90 ml",-,0
"TQ Sunrise","Vat 69","180 ml",-,0
"TQ Sunrise","Vat 69","750 ml",-,0
"TQ Sunrise","Blenders Pride Reserve","30 ml",-,0
"TQ Sunrise","Blenders Pride Reserve","60 ml",-,0
"TQ Sunrise","Blenders Pride Reserve","90 ml",-,0
"TQ Sunrise","Blenders Pride Reserve","180 ml",-,0
"TQ Sunrise","Blenders Pride Reserve","750 ml",-,0
"TQ Sunrise","Antiquity Blue","30 ml",-,0
"TQ Sunrise","Antiquity Blue","60 ml",-,0
"TQ Sunrise","Antiquity Blue","90 ml",-,0
"TQ Sunrise","Antiquity Blue","180 ml",-,0
"TQ Sunrise","Antiquity Blue","750 ml",-,0
"TQ Sunrise","Blenders Pride","30 ml",-,0
"TQ Sunrise","Blenders Pride","60 ml",-,0
"TQ Sunrise","Blenders Pride","90 ml",-,0
"TQ Sunrise","Blenders Pride","180 ml",-,0
"TQ Sunrise","Blenders Pride","750 ml",-,0
"TQ Sunrise",Signature,"30 ml",-,0
"TQ Sunrise",Signature,"60 ml",-,0
"TQ Sunrise",Signature,"90 ml",-,0
"TQ Sunrise",Signature,"180 ml",-,0
"TQ Sunrise",Signature,"750 ml",-,0
"TQ Sunrise","Royal Challenge","30 ml",-,0
"TQ Sunrise","Royal Challenge","60 ml",-,0
"TQ Sunrise","Royal Challenge","90 ml",-,0
"TQ Sunrise","Royal Challenge","180 ml",-,0
"TQ Sunrise","Royal Challenge","750 ml",-,0
"TQ Sunrise","Royal Stag","30 ml",-,0
"TQ Sunrise","Royal Stag","60 ml",-,0
"TQ Sunrise","Royal Stag","90 ml",-,0
"TQ Sunrise","Royal Stag","180 ml",-,0
"TQ Sunrise","Royal Stag","750 ml",-,0
"TQ Sunrise","Mcdowells No 1","30 ml",-,0
"TQ Sunrise","Mcdowells No 1","60 ml",-,0
"TQ Sunrise","Mcdowells No 1","90 ml",-,0
"TQ Sunrise","Mcdowells No 1","180 ml",-,0
"TQ Sunrise","Mcdowells No 1","750 ml",-,0
"TQ Sunrise","Mcdowells No 1 Luxury","30 ml",-,0
"TQ Sunrise","Mcdowells No 1 Luxury","60 ml",-,0
"TQ Sunrise","Mcdowells No 1 Luxury","90 ml",-,0
"TQ Sunrise","Mcdowells No 1 Luxury","180 ml",-,0
"TQ Sunrise","Mcdowells No 1 Luxury","750 ml",-,0
"TQ Sunrise","Imperial Blue","30 ml",-,0
"TQ Sunrise","Imperial Blue","60 ml",-,0
"TQ Sunrise","Imperial Blue","90 ml",-,0
"TQ Sunrise","Imperial Blue","180 ml",-,0
"TQ Sunrise","Imperial Blue","750 ml",-,0
"TQ Sunrise","Dsp Black ","30 ml",-,0
"TQ Sunrise","Dsp Black ","60 ml",-,0
"TQ Sunrise","Dsp Black ","90 ml",-,0
"TQ Sunrise","Dsp Black ","180 ml",-,0
"TQ Sunrise","Dsp Black ","750 ml",-,0
"TQ Sunrise","Directors Special","30 ml",-,0
"TQ Sunrise","Directors Special","60 ml",-,0
"TQ Sunrise","Directors Special","90 ml",-,0
"TQ Sunrise","Directors Special","180 ml",-,0
"TQ Sunrise","Directors Special","750 ml",-,0
"TQ Sunrise","Mansion House ","30 ml",-,0
"TQ Sunrise","Mansion House ","60 ml",-,0
"TQ Sunrise","Mansion House ","90 ml",-,0
"TQ Sunrise","Mansion House ","180 ml",-,0
"TQ Sunrise","Mansion House ","750 ml",-,0
"TQ Sunrise","Honey Bee ","30 ml",-,0
"TQ Sunrise","Honey Bee ","60 ml",-,0
"TQ Sunrise","Honey Bee ","90 ml",-,0
"TQ Sunrise","Honey Bee ","180 ml",-,0
"TQ Sunrise","Honey Bee ","750 ml",-,0
"TQ Sunrise","Bombay Sapphire","30 ml",-,0
"TQ Sunrise","Bombay Sapphire","60 ml",-,0
"TQ Sunrise","Bombay Sapphire","90 ml",-,0
"TQ Sunrise","Bombay Sapphire","180 ml",-,0
"TQ Sunrise","Bombay Sapphire","750 ml",-,0
"TQ Sunrise","Blue Riband Duet","30 ml",-,0
"TQ Sunrise","Blue Riband Duet","60 ml",-,0
"TQ Sunrise","Blue Riband Duet","90 ml",-,0
"TQ Sunrise","Blue Riband Duet","180 ml",-,0
"TQ Sunrise","Blue Riband Duet","750 ml",-,0
"TQ Sunrise","Blue Riband","30 ml",-,0
"TQ Sunrise","Blue Riband","60 ml",-,0
"TQ Sunrise","Blue Riband","90 ml",-,0
"TQ Sunrise","Blue Riband","180 ml",-,0
"TQ Sunrise","Blue Riband","750 ml",-,0
"TQ Sunrise","Gray Goose","30 ml",-,0
"TQ Sunrise","Gray Goose","60 ml",-,0
"TQ Sunrise",Absolut,"30 ml",-,0
"TQ Sunrise",Absolut,"60 ml",-,0
"TQ Sunrise",Skyy,"30 ml",-,0
"TQ Sunrise",Skyy,"60 ml",-,0
"TQ Sunrise","Stolichnaya ","30 ml",-,0
"TQ Sunrise","Stolichnaya ","60 ml",-,0
"TQ Sunrise","Smirnoff Green Apple","30 ml",-,0
"TQ Sunrise","Smirnoff Green Apple","60 ml",-,0
"TQ Sunrise","Smirnoff Green Apple","90 ml",-,0
"TQ Sunrise","Smirnoff Green Apple","180 ml",-,0
"TQ Sunrise","Smirnoff Green Apple","750 ml",-,0
"TQ Sunrise","Smirnoff Espresso","30 ml",-,0
"TQ Sunrise","Smirnoff Espresso","60 ml",-,0
"TQ Sunrise","Smirnoff Espresso","90 ml",-,0
"TQ Sunrise","Smirnoff Espresso","180 ml",-,0
"TQ Sunrise","Smirnoff Espresso","750 ml",-,0
"TQ Sunrise",Romanov,"30 ml",-,0
"TQ Sunrise",Romanov,"60 ml",-,0
"TQ Sunrise",Romanov,"90 ml",-,0
"TQ Sunrise",Romanov,"180 ml",-,0
"TQ Sunrise",Romanov,"750 ml",-,0
"TQ Sunrise","Romanov Apple Thrill","30 ml",-,0
"TQ Sunrise","Romanov Apple Thrill","60 ml",-,0
"TQ Sunrise","Romanov Apple Thrill","90 ml",-,0
"TQ Sunrise","Romanov Apple Thrill","180 ml",-,0
"TQ Sunrise","Romanov Apple Thrill","750 ml",-,0
"TQ Sunrise","White Mischief","30 ml",-,0
"TQ Sunrise","White Mischief","60 ml",-,0
"TQ Sunrise","White Mischief","90 ml",-,0
"TQ Sunrise","White Mischief","180 ml",-,0
"TQ Sunrise","White Mischief","750 ml",-,0
"TQ Sunrise","Magic Moments ","30 ml",-,0
"TQ Sunrise","Magic Moments ","60 ml",-,0
"TQ Sunrise","Magic Moments ","90 ml",-,0
"TQ Sunrise","Magic Moments ","180 ml",-,0
"TQ Sunrise","Magic Moments ","750 ml",-,0
"TQ Sunrise","Bacardi Superior ","30 ml",-,0
"TQ Sunrise","Bacardi Superior ","60 ml",-,0
"TQ Sunrise","Bacardi Superior ","90 ml",-,0
"TQ Sunrise","Bacardi Superior ","180 ml",-,0
"TQ Sunrise","Bacardi Superior ","750 ml",-,0
"TQ Sunrise","Bacardi Limon","30 ml",-,0
"TQ Sunrise","Bacardi Limon","60 ml",-,0
"TQ Sunrise","Bacardi Limon","90 ml",-,0
"TQ Sunrise","Bacardi Limon","180 ml",-,0
"TQ Sunrise","Bacardi Limon","750 ml",-,0
"TQ Sunrise","Bacardi Black","30 ml",-,0
"TQ Sunrise","Bacardi Black","60 ml",-,0
"TQ Sunrise","Bacardi Black","90 ml",-,0
"TQ Sunrise","Bacardi Black","180 ml",-,0
"TQ Sunrise","Bacardi Black","750 ml",-,0
"TQ Sunrise","Captain Morgan Dark","30 ml",-,0
"TQ Sunrise","Captain Morgan Dark","60 ml",-,0
"TQ Sunrise","Captain Morgan Dark","90 ml",-,0
"TQ Sunrise","Captain Morgan Dark","180 ml",-,0
"TQ Sunrise","Captain Morgan Dark","750 ml",-,0
"TQ Sunrise","Old Monk","30 ml",-,0
"TQ Sunrise","Old Monk","60 ml",-,0
"TQ Sunrise","Old Monk","90 ml",-,0
"TQ Sunrise","Old Monk","180 ml",-,0
"TQ Sunrise","Old Monk","750 ml",-,0
"TQ Sunrise","Bacardi Breezer",Pint,-,0
"TQ Sunrise",Corona,"330 ml",-,0
"TQ Sunrise",Hoegaarden,"330 ml",-,0
"TQ Sunrise","Kingfisher Ultra","330 ml",-,0
"TQ Sunrise","Kingfisher Ultra","650 ml",-,0
"TQ Sunrise",Budweiser,"330 ml",-,0
"TQ Sunrise",Budweiser,"650 ml",-,0
"TQ Sunrise",Carlsberg,"330 ml",-,0
"TQ Sunrise",Carlsberg,"650 ml",-,0
"TQ Sunrise",Tubourg,"330 ml",-,0
"TQ Sunrise",Tubourg,"650 ml",-,0
"TQ Sunrise","Bira Blonde","330 ml",-,0
"TQ Sunrise","Bira Blonde","650 ml",-,0
"TQ Sunrise","Bira White","330 ml",-,0
"TQ Sunrise",Heineken,"330 ml",-,0
"TQ Sunrise",Heineken,"650 ml",-,0
"TQ Sunrise","Kingfisher Ultra Max","650 ml",-,0
"TQ Sunrise",Kingfisher,"330 ml",-,0
"TQ Sunrise",Kingfisher,"650 ml",-,0
"TQ Sunrise","Kingfisher Storm","650 ml",-,0
"TQ Sunrise","Budweiser Magnum","650 ml",-,0
"TQ Sunrise","London Pilsner","650 ml",-,0
"TQ Sunrise","Draught Beer",Tower,-,0
"TQ Sunrise","Draught Beer",Pitcher,-,0
"TQ Sunrise","Draught Beer",Mug,-,0
"TQ Sunrise","Jose Cuervo",Silver,-,0
"TQ Sunrise","Jose Cuervo",Gold,-,0
"TQ Sunrise",Sauza,Silver,-,0
"TQ Sunrise",Camino,Silver,-,0
"TQ Sunrise",Camino,Gold,-,0
"TQ Sunrise","Don Angle",Silver,-,0
"TQ Sunrise",Mexicat,Silver,-,0
"TQ Sunrise",Agavita,Silver,-,0
"TQ Sunrise",Desmondji,Silver,-,0
"TQ Sunrise","Kahlua (Coffee)","30 ml",-,0
"TQ Sunrise","Malibu (Coconut)","30 ml",-,0
"TQ Sunrise","Cointreau (Orange)","30 ml",-,0
"TQ Sunrise","Baileys (Irish Cream)","30 ml",-,0
"TQ Sunrise","Sambuca (Fennel)","30 ml",-,0
"TQ Sunrise","Jagermeister (Herbs)","30 ml",-,0
"TQ Sunrise","Sula Brut",Pint,-,0
"TQ Sunrise","Sula Chenin Blanc",Glass,-,0
"TQ Sunrise","Sula Chenin Blanc",Pint,-,0
"TQ Sunrise","Sula Chenin Blanc",Bottle,-,0
"TQ Sunrise","Sula Sauvignon Blanc",Pint,-,0
"TQ Sunrise","Sula Sauvignon Blanc",Bottle,-,0
"TQ Sunrise","Sula Satori",Glass,-,0
"TQ Sunrise","Sula Satori",Pint,-,0
"TQ Sunrise","Sula Satori",Bottle,-,0
"TQ Sunrise","Sula Cabernet Shiraz",Pint,-,0
"TQ Sunrise","Sula Cabernet Shiraz",Bottle,-,0
"TQ Sunrise","Sula Mosaic ",Glass,-,0
"TQ Sunrise","Sula Mosaic ",Bottle,-,0
"TQ Sunrise","Sula Zinfandel (Rose-Red)",Glass,-,0
"TQ Sunrise","Sula Zinfandel (Rose-Red)",Pint,-,0
"TQ Sunrise","Sula Zinfandel (Rose-Red)",Bottle,-,0
"TQ Sunrise","Sula Dindori Chardonnay",Glass,-,0
"TQ Sunrise","Sula Dindori Chardonnay",Bottle,-,0
"TQ Sunrise","Sula Dindori Shiraz",Glass,-,0
"TQ Sunrise","Sula Dindori Shiraz",Pint,-,0
"TQ Sunrise","Sula Dindori Shiraz",Bottle,-,0
"TQ Sunrise",Rhytham,Glass,-,0
"TQ Sunrise",Rhytham,Pint,-,0
"TQ Sunrise",Rhytham,Bottle,-,0
"TQ Sunrise",Port,Glass,-,0
"TQ Sunrise",Port,Pint,-,0
"TQ Sunrise",Port,Bottle,-,0
"TQ Sunrise","Screw Driver",Glass,-,0
"TQ Sunrise",Mojito,Glass,-,0
"TQ Sunrise",Caipiroska,Glass,-,0
"TQ Sunrise","Pina Colada",Glass,-,0
"TQ Sunrise","Bloody Mary",Glass,-,0
"TQ Sunrise","Whisky Sour",Glass,-,0
"TQ Sunrise","Blue Lagoon",Glass,-,0
"TQ Sunrise",Cosmopolitan,Glass,-,0
"TQ Sunrise","Tequila Sunrise",Glass,-,0
"TQ Sunrise","Tequila Boom",Glass,-,0
"TQ Sunrise","Long Island Ice Tea",Glass,-,0
"TQ Sunrise","Mai Tai",Glass,-,0
"TQ Sunrise","Hot Toddy",Glass,-,0
"TQ Sunrise",Margarita,Glass,-,0
"TQ Sunrise",Sangria,Glass,-,0
"TQ Sunrise","Fruit Punch",Glass,-,0
"TQ Sunrise","Sun Set",Glass,-,0
"TQ Sunrise","Golden Nectar",Glass,-,0
"TQ Sunrise","Minty Mango",Glass,-,0
"TQ Sunrise","Guava Island",Glass,-,0
"TQ Sunrise","Green Cooler",Glass,-,0
"TQ Sunrise","Virgin Blue Lagoon",Glass,-,0
"TQ Sunrise","Ice Tea (Peach)",Std,-,0
"TQ Sunrise","Cold Coffee",Std,-,0
"TQ Sunrise","Fresh Juice",Std,-,0
"TQ Sunrise","Can Juice",Std,-,0
"TQ Sunrise","Buttermilk (Chaas)",Std,-,0
"TQ Sunrise","Fresh Lime Water",Std,-,0
"TQ Sunrise",Tea,Std,-,0
"TQ Sunrise",Coffee,Std,-,0
"TQ Sunrise","Mineral Water",Std,-,0
"TQ Sunrise","Red Bull",Std,-,0
"TQ Sunrise","Tonic Water",Std,-,0
"TQ Sunrise","Diet Coke",Std,-,0
"TQ Sunrise",Coke,"300 ml",-,0
"TQ Sunrise",Coke,"500 ml",-,0
"TQ Sunrise",Soda,"500 ml",-,0
"TQ Sunrise",Soda,"300 ml",-,0
"TQ Sunrise","Potato Wedges",Std,-,0
"TQ Sunrise","Fish Fingers Rawas",Std,-,0
"TQ Sunrise","Vegetable Khasta Tikki",Std,-,0
"TQ Sunrise",Smirnoff,"30 ml",-,0
"TQ Sunrise",Smirnoff,"60 ml",-,0
"TQ Sunrise",Smirnoff,"90 ml",-,0
"TQ Sunrise",Smirnoff,"180 ml",-,0
"TQ Sunrise",Smirnoff,"750 ml",-,0
"TQ Sunrise","Cyloni Curry Mutton",Std,-,0
"TQ Sunrise","Rum Punch",Glass,-,0
"TQ Sunrise","Ice Tea (Lemon)",Std,-,0
"TQ Sunrise","Fresh Lime Soda",Std,-,0
"TQ Sunrise","Lemon Grass Chilly Fish (Basa)",Std,-,0
"TQ Sunrise","Fish Lemon Caper Sauce (Basa)",Std,-,0
"TQ Sunrise","Fish n Chips (Rawas)",Std,-,0
"TQ Sunrise","Grilled Herb Fish (Basa)",Std,-,0
"TQ Sunrise","Fish Peri Peri (Basa)",Std,-,0
"TQ Sunrise","Fresh Turmeric Roasted Fish (Basa)",Std,-,0
"TQ Sunrise","Reshmi Paratha",Std,-,0
"TQ Sunrise","Makai Roti",Std,-,0
"TQ Sunrise","Saute Vegetable",Std,-,0
"TQ Sunrise","Magic Moments Apple","30 ml",-,0
"TQ Sunrise","Magic Moments Apple","60 ml",-,0
"TQ Sunrise","Magic Moments Apple","90 ml",-,0
"TQ Sunrise","Magic Moments Apple","180 ml",-,0
"TQ Sunrise","Magic Moments Apple","750 ml",-,0
"TQ Sunrise","Bacardi Breezer Cranberry",Pint,-,0
"TQ Sunrise","Bacardi Breezer Blackberry",Pint,-,0
"TQ Sunrise","Bacardi Breezer Blueberry",Pint,-,0
"TQ Sunrise","Bacardi Breezer Jamaican Passion",Pint,-,0
"TQ Sunrise","Thumbs Up","300 ml",-,0
"TQ Sunrise","Thumbs Up","500 ml",-,0
"TQ Sunrise",Sprite,"300 ml",-,0
"TQ Sunrise",Sprite,"500 ml",-,0
"TQ Sunrise",Limca,"300 ml",-,0
"TQ Sunrise",Limca,"500 ml",-,0
"TQ Sunrise",Mazza,"300 ml",-,0
"TQ Sunrise",Mazza,"500 ml",-,0
"TQ Sunrise","Fish Tempura Rawas",Std,-,0
"TQ Sunrise","Singapore Veg Noodles",Std,-,0
"TQ Sunrise","Singapore Chicken Noodles",Std,-,0
"TQ Sunrise","Bamboo Veg Noodles",Std,-,0
"TQ Sunrise","Bamboo Chicken Noodles",Std,-,0
"TQ Sunrise","Ginger Smoked Veg Noodles",Std,-,0
"TQ Sunrise","Ginger Smoked Chicken Noodles",Std,-,0
"TQ Sunrise","Oyster Fish (Rawas) Sauce",Std,-,0
"TQ Sunrise","Blackbean Fish (Rawas) Sauce",Std,-,0
"TQ Sunrise","Brownie Shake",Std,-,0
"TQ Sunrise","Kit Kat Shake",Std,-,0
"TQ Sunrise","Snickers Shake",Std,-,0
"TQ Sunrise","Oreo Shake",Std,-,0
"TQ Sunrise","Chocolate Shake",Std,-,0
"TQ Sunrise","Strawberry Shake",Std,-,0
"TQ Sunrise","Stuffed Paratha (Aloo)",Std,-,0
"TQ Sunrise","Stuffed Paratha (Mix Veg)",Std,-,0
"TQ Sunrise","Royal Stag Barrel","30 ml",-,0
"TQ Sunrise","Royal Stag Barrel","60 ml",-,0
"TQ Sunrise","Royal Stag Barrel","90 ml",-,0
"TQ Sunrise","Royal Stag Barrel","180 ml",-,0
"TQ Sunrise","Royal Stag Barrel","750 ml",-,0
"TQ Sunrise","Rice Combo",Std,-,0
"TQ Sunrise","Indian Buffet",Std,-,0
"TQ Sunrise","Indian Buffet",Std,-,0
"TQ Sunrise",abc,"30 ml",-,0
"TQ Sunrise",abc,"60 ml",-,0
"TQ Sunrise",dd,"750 ml",-,0
